{
    "providers": [
        {
            "type": "space",
            "advances": {
                " ": 4,
                "\u200c": 0,
                "\uF821": 1,    "\uF801": -1,
                "\uF822": 2,    "\uF802": -2,
                "\uF823": 3,    "\uF803": -3,
                "\uF824": 4,    "\uF804": -4,
                "\uF825": 5,    "\uF805": -5,
                "\uF826": 6,    "\uF806": -6,
                "\uF827": 7,    "\uF807": -7,
                "\uF828": 8,    "\uF808": -8,
                "\uF829": 16,   "\uF809": -16,
                "\uF82A": 32,   "\uF80A": -32,
                "\uF82B": 64,   "\uF80B": -64,
                "\uF82C": 128,  "\uF80C": -128,
                "\uF82D": 256,  "\uF80D": -256,
                "\uF82E": 512,  "\uF80E": -512,
                "\uF82F": 1024, "\uF80F": -1024
            }
        },
        {
            "type": "bitmap",
            "file": "minecraft:font/env0.png",
            "ascent": 7,
            "height": 7,
            "chars": [
                "\uE000"
            ]
        },
        {
            "type": "bitmap",
            "file": "minecraft:font/env1.png",
            "ascent": 7,
            "height": 7,
            "chars": [
                "\uE001"
            ]
        },
        {
            "type": "bitmap",
            "file": "minecraft:font/env2.png",
            "ascent": 7,
            "height": 7,
            "chars": [
                "\uE002"
            ]
        },
        {
            "type": "bitmap",
            "file": "minecraft:font/env3.png",
            "ascent": 7,
            "height": 7,
            "chars": [
                "\uE003"
            ]
        },
        {
            "type": "bitmap",
            "file": "minecraft:font/env4.png",
            "ascent": 7,
            "height": 7,
            "chars": [
                "\uE004"
            ]
        },
        {
            "type": "bitmap",
            "file": "minecraft:font/env5.png",
            "ascent": 7,
            "height": 7,
            "chars": [
                "\uE005"
            ]
        },
        {
            "type": "bitmap",
            "file": "minecraft:font/env6.png",
            "ascent": 7,
            "height": 7,
            "chars": [
                "\uE006"
            ]
        },
        {
            "type": "bitmap",
            "file": "minecraft:font/env7.png",
            "ascent": 7,
            "height": 7,
            "chars": [
                "\uE007"
            ]
        },
        {
            "type": "bitmap",
            "file": "minecraft:font/env8.png",
            "ascent": 7,
            "height": 7,
            "chars": [
                "\uE008"
            ]
        },
        {
            "type": "bitmap",
            "file": "minecraft:font/env9.png",
            "ascent": 7,
            "height": 7,
            "chars": [
                "\uE009"
            ]
        },
        {
            "type": "bitmap",
            "file": "minecraft:font/background_black.png",
            "ascent": 64,
            "height": 128,
            "chars": [
                "\uE010"
            ]
        },
        {
            "type": "bitmap",
            "file": "minecraft:font/background_white.png",
            "ascent": 64,
            "height": 128,
            "chars": [
                "\uE011"
            ]
        },
        {
            "type": "bitmap",
            "file": "minecraft:font/title_logo.png",
            "ascent": 24,
            "height": 48,
            "chars": [
                "\uE012"
            ]
        },
        {
            "type": "bitmap",
            "file": "minecraft:font/nup_logo.png",
            "ascent": 24,
            "height": 48,
            "chars": [
                "\uE013"
            ]
        },
        {
            "type": "bitmap",
            "file": "minecraft:font/strength.png",
            "ascent": 8,
            "height": 9,
            "chars": [
                "\uE100"
            ]
        },
        {
            "type": "bitmap",
            "file": "minecraft:font/health_boost.png",
            "ascent": 8,
            "height": 9,
            "chars": [
                "\uE101"
            ]
        },
        {
            "type": "bitmap",
            "file": "minecraft:font/regeneration.png",
            "ascent": 8,
            "height": 9,
            "chars": [
                "\uE102"
            ]
        },
        {
            "type": "bitmap",
            "file": "minecraft:font/resistance.png",
            "ascent": 8,
            "height": 9,
            "chars": [
                "\uE103"
            ]
        },
        {
            "type": "bitmap",
            "file": "minecraft:font/speed.png",
            "ascent": 8,
            "height": 9,
            "chars": [
                "\uE104"
            ]
        },
        {
            "type": "bitmap",
            "file": "minecraft:font/slot_line.png",
            "ascent": 5,
            "height": 16,
            "chars": [
                "\uE110\uE111\uE112"
            ]
        },
        {
            "type": "bitmap",
            "file": "minecraft:font/slot_reel.png",
            "ascent": 77,
            "height": 80,
            "chars": [
                "\uE113\uE114\uE115\uE116"
            ]
        }
    ]
}
