{
  "parent": "minecraft:item/generated",
  "textures": {
    "layer0": "minecraft:item/barrier"
  },
  "overrides":[
    {"predicate":{"custom_model_data":1},"model":"minecraft:item/nup01/barrier/invisible"},

    {"predicate":{"custom_model_data":100},"model":"minecraft:item/keyboard/0_1"},
    {"predicate":{"custom_model_data":101},"model":"minecraft:item/keyboard/1_1"},
    {"predicate":{"custom_model_data":102},"model":"minecraft:item/keyboard/2_1"},
    {"predicate":{"custom_model_data":103},"model":"minecraft:item/keyboard/3_1"},
    {"predicate":{"custom_model_data":104},"model":"minecraft:item/keyboard/4_1"},
    {"predicate":{"custom_model_data":105},"model":"minecraft:item/keyboard/5_1"},
    {"predicate":{"custom_model_data":106},"model":"minecraft:item/keyboard/6_1"},
    {"predicate":{"custom_model_data":107},"model":"minecraft:item/keyboard/7_1"},
    {"predicate":{"custom_model_data":108},"model":"minecraft:item/keyboard/8_1"},
    {"predicate":{"custom_model_data":109},"model":"minecraft:item/keyboard/9_1"},
    {"predicate":{"custom_model_data":110},"model":"minecraft:item/keyboard/a_1"},
    {"predicate":{"custom_model_data":111},"model":"minecraft:item/keyboard/b_1"},
    {"predicate":{"custom_model_data":112},"model":"minecraft:item/keyboard/c_1"},
    {"predicate":{"custom_model_data":113},"model":"minecraft:item/keyboard/d_1"},
    {"predicate":{"custom_model_data":114},"model":"minecraft:item/keyboard/e_1"},
    {"predicate":{"custom_model_data":115},"model":"minecraft:item/keyboard/f_1"},
    {"predicate":{"custom_model_data":116},"model":"minecraft:item/keyboard/g_1"},
    {"predicate":{"custom_model_data":117},"model":"minecraft:item/keyboard/h_1"},
    {"predicate":{"custom_model_data":118},"model":"minecraft:item/keyboard/i_1"},
    {"predicate":{"custom_model_data":119},"model":"minecraft:item/keyboard/j_1"},
    {"predicate":{"custom_model_data":120},"model":"minecraft:item/keyboard/k_1"},
    {"predicate":{"custom_model_data":121},"model":"minecraft:item/keyboard/l_1"},
    {"predicate":{"custom_model_data":122},"model":"minecraft:item/keyboard/m_1"},
    {"predicate":{"custom_model_data":123},"model":"minecraft:item/keyboard/n_1"},
    {"predicate":{"custom_model_data":124},"model":"minecraft:item/keyboard/o_1"},
    {"predicate":{"custom_model_data":125},"model":"minecraft:item/keyboard/p_1"},
    {"predicate":{"custom_model_data":126},"model":"minecraft:item/keyboard/q_1"},
    {"predicate":{"custom_model_data":127},"model":"minecraft:item/keyboard/r_1"},
    {"predicate":{"custom_model_data":128},"model":"minecraft:item/keyboard/s_1"},
    {"predicate":{"custom_model_data":129},"model":"minecraft:item/keyboard/t_1"},
    {"predicate":{"custom_model_data":130},"model":"minecraft:item/keyboard/u_1"},
    {"predicate":{"custom_model_data":131},"model":"minecraft:item/keyboard/v_1"},
    {"predicate":{"custom_model_data":132},"model":"minecraft:item/keyboard/w_1"},
    {"predicate":{"custom_model_data":133},"model":"minecraft:item/keyboard/x_1"},
    {"predicate":{"custom_model_data":134},"model":"minecraft:item/keyboard/y_1"},
    {"predicate":{"custom_model_data":135},"model":"minecraft:item/keyboard/z_1"},
    {"predicate":{"custom_model_data":136},"model":"minecraft:item/keyboard/minus_1"},
    {"predicate":{"custom_model_data":137},"model":"minecraft:item/keyboard/at_1"},
    {"predicate":{"custom_model_data":138},"model":"minecraft:item/keyboard/comma_1"},
    {"predicate":{"custom_model_data":139},"model":"minecraft:item/keyboard/period_1"},
    {"predicate":{"custom_model_data":140},"model":"minecraft:item/keyboard/slash_1"},
    {"predicate":{"custom_model_data":141},"model":"minecraft:item/keyboard/shift_1"},
    {"predicate":{"custom_model_data":142},"model":"minecraft:item/keyboard/left_1"},
    {"predicate":{"custom_model_data":143},"model":"minecraft:item/keyboard/space_1"},
    {"predicate":{"custom_model_data":144},"model":"minecraft:item/keyboard/right_1"},
    {"predicate":{"custom_model_data":145},"model":"minecraft:item/keyboard/back_1"},
    {"predicate":{"custom_model_data":146},"model":"minecraft:item/keyboard/enter_1"},

    {"predicate":{"custom_model_data":200},"model":"minecraft:item/keyboard/0_2"},
    {"predicate":{"custom_model_data":201},"model":"minecraft:item/keyboard/1_2"},
    {"predicate":{"custom_model_data":202},"model":"minecraft:item/keyboard/2_2"},
    {"predicate":{"custom_model_data":203},"model":"minecraft:item/keyboard/3_2"},
    {"predicate":{"custom_model_data":204},"model":"minecraft:item/keyboard/4_2"},
    {"predicate":{"custom_model_data":205},"model":"minecraft:item/keyboard/5_2"},
    {"predicate":{"custom_model_data":206},"model":"minecraft:item/keyboard/6_2"},
    {"predicate":{"custom_model_data":207},"model":"minecraft:item/keyboard/7_2"},
    {"predicate":{"custom_model_data":208},"model":"minecraft:item/keyboard/8_2"},
    {"predicate":{"custom_model_data":209},"model":"minecraft:item/keyboard/9_2"},
    {"predicate":{"custom_model_data":210},"model":"minecraft:item/keyboard/a_2"},
    {"predicate":{"custom_model_data":211},"model":"minecraft:item/keyboard/b_2"},
    {"predicate":{"custom_model_data":212},"model":"minecraft:item/keyboard/c_2"},
    {"predicate":{"custom_model_data":213},"model":"minecraft:item/keyboard/d_2"},
    {"predicate":{"custom_model_data":214},"model":"minecraft:item/keyboard/e_2"},
    {"predicate":{"custom_model_data":215},"model":"minecraft:item/keyboard/f_2"},
    {"predicate":{"custom_model_data":216},"model":"minecraft:item/keyboard/g_2"},
    {"predicate":{"custom_model_data":217},"model":"minecraft:item/keyboard/h_2"},
    {"predicate":{"custom_model_data":218},"model":"minecraft:item/keyboard/i_2"},
    {"predicate":{"custom_model_data":219},"model":"minecraft:item/keyboard/j_2"},
    {"predicate":{"custom_model_data":220},"model":"minecraft:item/keyboard/k_2"},
    {"predicate":{"custom_model_data":221},"model":"minecraft:item/keyboard/l_2"},
    {"predicate":{"custom_model_data":222},"model":"minecraft:item/keyboard/m_2"},
    {"predicate":{"custom_model_data":223},"model":"minecraft:item/keyboard/n_2"},
    {"predicate":{"custom_model_data":224},"model":"minecraft:item/keyboard/o_2"},
    {"predicate":{"custom_model_data":225},"model":"minecraft:item/keyboard/p_2"},
    {"predicate":{"custom_model_data":226},"model":"minecraft:item/keyboard/q_2"},
    {"predicate":{"custom_model_data":227},"model":"minecraft:item/keyboard/r_2"},
    {"predicate":{"custom_model_data":228},"model":"minecraft:item/keyboard/s_2"},
    {"predicate":{"custom_model_data":229},"model":"minecraft:item/keyboard/t_2"},
    {"predicate":{"custom_model_data":230},"model":"minecraft:item/keyboard/u_2"},
    {"predicate":{"custom_model_data":231},"model":"minecraft:item/keyboard/v_2"},
    {"predicate":{"custom_model_data":232},"model":"minecraft:item/keyboard/w_2"},
    {"predicate":{"custom_model_data":233},"model":"minecraft:item/keyboard/x_2"},
    {"predicate":{"custom_model_data":234},"model":"minecraft:item/keyboard/y_2"},
    {"predicate":{"custom_model_data":235},"model":"minecraft:item/keyboard/z_2"},
    {"predicate":{"custom_model_data":236},"model":"minecraft:item/keyboard/minus_2"},
    {"predicate":{"custom_model_data":237},"model":"minecraft:item/keyboard/at_2"},
    {"predicate":{"custom_model_data":238},"model":"minecraft:item/keyboard/comma_2"},
    {"predicate":{"custom_model_data":239},"model":"minecraft:item/keyboard/period_2"},
    {"predicate":{"custom_model_data":240},"model":"minecraft:item/keyboard/slash_2"},
    {"predicate":{"custom_model_data":241},"model":"minecraft:item/keyboard/shift_2"},
    {"predicate":{"custom_model_data":242},"model":"minecraft:item/keyboard/left_2"},
    {"predicate":{"custom_model_data":243},"model":"minecraft:item/keyboard/space_2"},
    {"predicate":{"custom_model_data":244},"model":"minecraft:item/keyboard/right_2"},
    {"predicate":{"custom_model_data":245},"model":"minecraft:item/keyboard/back_2"},
    {"predicate":{"custom_model_data":246},"model":"minecraft:item/keyboard/enter_2"},

    {"predicate":{"custom_model_data":310},"model":"minecraft:item/keyboard/a_3"},
    {"predicate":{"custom_model_data":311},"model":"minecraft:item/keyboard/b_3"},
    {"predicate":{"custom_model_data":312},"model":"minecraft:item/keyboard/c_3"},
    {"predicate":{"custom_model_data":313},"model":"minecraft:item/keyboard/d_3"},
    {"predicate":{"custom_model_data":314},"model":"minecraft:item/keyboard/e_3"},
    {"predicate":{"custom_model_data":315},"model":"minecraft:item/keyboard/f_3"},
    {"predicate":{"custom_model_data":316},"model":"minecraft:item/keyboard/g_3"},
    {"predicate":{"custom_model_data":317},"model":"minecraft:item/keyboard/h_3"},
    {"predicate":{"custom_model_data":318},"model":"minecraft:item/keyboard/i_3"},
    {"predicate":{"custom_model_data":319},"model":"minecraft:item/keyboard/j_3"},
    {"predicate":{"custom_model_data":320},"model":"minecraft:item/keyboard/k_3"},
    {"predicate":{"custom_model_data":321},"model":"minecraft:item/keyboard/l_3"},
    {"predicate":{"custom_model_data":322},"model":"minecraft:item/keyboard/m_3"},
    {"predicate":{"custom_model_data":323},"model":"minecraft:item/keyboard/n_3"},
    {"predicate":{"custom_model_data":324},"model":"minecraft:item/keyboard/o_3"},
    {"predicate":{"custom_model_data":325},"model":"minecraft:item/keyboard/p_3"},
    {"predicate":{"custom_model_data":326},"model":"minecraft:item/keyboard/q_3"},
    {"predicate":{"custom_model_data":327},"model":"minecraft:item/keyboard/r_3"},
    {"predicate":{"custom_model_data":328},"model":"minecraft:item/keyboard/s_3"},
    {"predicate":{"custom_model_data":329},"model":"minecraft:item/keyboard/t_3"},
    {"predicate":{"custom_model_data":330},"model":"minecraft:item/keyboard/u_3"},
    {"predicate":{"custom_model_data":331},"model":"minecraft:item/keyboard/v_3"},
    {"predicate":{"custom_model_data":332},"model":"minecraft:item/keyboard/w_3"},
    {"predicate":{"custom_model_data":333},"model":"minecraft:item/keyboard/x_3"},
    {"predicate":{"custom_model_data":334},"model":"minecraft:item/keyboard/y_3"},
    {"predicate":{"custom_model_data":335},"model":"minecraft:item/keyboard/z_3"},
    {"predicate":{"custom_model_data":336},"model":"minecraft:item/keyboard/minus_3"},
    {"predicate":{"custom_model_data":337},"model":"minecraft:item/keyboard/at_3"},
    {"predicate":{"custom_model_data":338},"model":"minecraft:item/keyboard/comma_3"},
    {"predicate":{"custom_model_data":339},"model":"minecraft:item/keyboard/period_3"},
    {"predicate":{"custom_model_data":340},"model":"minecraft:item/keyboard/slash_3"},

    {"predicate":{"custom_model_data":410},"model":"minecraft:item/keyboard/a_4"},
    {"predicate":{"custom_model_data":411},"model":"minecraft:item/keyboard/b_4"},
    {"predicate":{"custom_model_data":412},"model":"minecraft:item/keyboard/c_4"},
    {"predicate":{"custom_model_data":413},"model":"minecraft:item/keyboard/d_4"},
    {"predicate":{"custom_model_data":414},"model":"minecraft:item/keyboard/e_4"},
    {"predicate":{"custom_model_data":415},"model":"minecraft:item/keyboard/f_4"},
    {"predicate":{"custom_model_data":416},"model":"minecraft:item/keyboard/g_4"},
    {"predicate":{"custom_model_data":417},"model":"minecraft:item/keyboard/h_4"},
    {"predicate":{"custom_model_data":418},"model":"minecraft:item/keyboard/i_4"},
    {"predicate":{"custom_model_data":419},"model":"minecraft:item/keyboard/j_4"},
    {"predicate":{"custom_model_data":420},"model":"minecraft:item/keyboard/k_4"},
    {"predicate":{"custom_model_data":421},"model":"minecraft:item/keyboard/l_4"},
    {"predicate":{"custom_model_data":422},"model":"minecraft:item/keyboard/m_4"},
    {"predicate":{"custom_model_data":423},"model":"minecraft:item/keyboard/n_4"},
    {"predicate":{"custom_model_data":424},"model":"minecraft:item/keyboard/o_4"},
    {"predicate":{"custom_model_data":425},"model":"minecraft:item/keyboard/p_4"},
    {"predicate":{"custom_model_data":426},"model":"minecraft:item/keyboard/q_4"},
    {"predicate":{"custom_model_data":427},"model":"minecraft:item/keyboard/r_4"},
    {"predicate":{"custom_model_data":428},"model":"minecraft:item/keyboard/s_4"},
    {"predicate":{"custom_model_data":429},"model":"minecraft:item/keyboard/t_4"},
    {"predicate":{"custom_model_data":430},"model":"minecraft:item/keyboard/u_4"},
    {"predicate":{"custom_model_data":431},"model":"minecraft:item/keyboard/v_4"},
    {"predicate":{"custom_model_data":432},"model":"minecraft:item/keyboard/w_4"},
    {"predicate":{"custom_model_data":433},"model":"minecraft:item/keyboard/x_4"},
    {"predicate":{"custom_model_data":434},"model":"minecraft:item/keyboard/y_4"},
    {"predicate":{"custom_model_data":435},"model":"minecraft:item/keyboard/z_4"},
    {"predicate":{"custom_model_data":436},"model":"minecraft:item/keyboard/minus_4"},
    {"predicate":{"custom_model_data":437},"model":"minecraft:item/keyboard/at_4"},
    {"predicate":{"custom_model_data":438},"model":"minecraft:item/keyboard/comma_4"},
    {"predicate":{"custom_model_data":439},"model":"minecraft:item/keyboard/period_4"},
    {"predicate":{"custom_model_data":440},"model":"minecraft:item/keyboard/slash_4"}
  ]
}