{
  "parent": "minecraft:item/generated",
  "textures": {
    "layer0": "minecraft:item/ender_eye"
  },
  "overrides":[
    {"predicate":{"custom_model_data":1},"model":"minecraft:item/nup01/ender_eye/01expbottle"},
    {"predicate":{"custom_model_data":2},"model":"minecraft:item/nup01/ender_eye/02exp1"},
    {"predicate":{"custom_model_data":3},"model":"minecraft:item/nup01/ender_eye/03exp2"},
    {"predicate":{"custom_model_data":4},"model":"minecraft:item/nup01/ender_eye/04exp3"},
    {"predicate":{"custom_model_data":5},"model":"minecraft:item/nup01/ender_eye/05rtheel"},
    {"predicate":{"custom_model_data":6},"model":"minecraft:item/nup01/ender_eye/06ration"},
    {"predicate":{"custom_model_data":7},"model":"minecraft:item/nup01/ender_eye/07rtelixir"},
    {"predicate":{"custom_model_data":8},"model":"minecraft:item/nup01/ender_eye/08rtabso"},
    {"predicate":{"custom_model_data":9},"model":"minecraft:item/nup01/ender_eye/09rmdebuff"},
    {"predicate":{"custom_model_data":10},"model":"minecraft:item/nup01/ender_eye/10arrow"},
    {"predicate":{"custom_model_data":11},"model":"minecraft:item/nup01/ender_eye/11golem"},
    {"predicate":{"custom_model_data":12},"model":"minecraft:item/nup01/ender_eye/12feather"},
    {"predicate":{"custom_model_data":13},"model":"minecraft:item/nup01/ender_eye/13chime"},
    {"predicate":{"custom_model_data":14},"model":"minecraft:item/nup01/ender_eye/14stone"},
    {"predicate":{"custom_model_data":15},"model":"minecraft:item/nup01/ender_eye/15funcslow"},
    {"predicate":{"custom_model_data":16},"model":"minecraft:item/nup01/ender_eye/16funcpoison"},
    {"predicate":{"custom_model_data":17},"model":"minecraft:item/nup01/ender_eye/17funckill"},
    {"predicate":{"custom_model_data":18},"model":"minecraft:item/nup01/ender_eye/18random"},
    {"predicate":{"custom_model_data":100},"model":"minecraft:item/nup01/ender_eye/gamemode"}
  ]
}
